Amount_Requested,Amount_Funded_By_Investors,Loan_Length,Debt_To_Income_Ratio,Home_Ownership,Monthly_Income,FICO_Range,Open_CREDIT_Lines,Revolving_CREDIT_Balance,Inquiries_in_the_Last_6_Months,Employment_Length,Loan_Purpose_credit_card,Loan_Purpose_debt_consolidation,Loan_Purpose_major_purchase,Loan_Purpose_other
5000.0,5000.0,60.0,12.59,1,4416.67,692.0,13.0,7686.0,0.0,0.5,0,0,1,0
18000.0,18000.0,60.0,4.93,1,5258.5,712.0,6.0,11596.0,0.0,10.0,0,1,0,0
7200.0,7200.0,60.0,25.16,2,3750.0,752.0,13.0,7283.0,0.0,6.0,0,1,0,0
7200.0,7200.0,36.0,17.27,2,3416.67,792.0,14.0,4838.0,0.0,10.0,0,1,0,0
22000.0,22000.0,60.0,18.28,2,6083.33,722.0,9.0,20181.0,0.0,8.0,0,1,0,0
9800.0,9800.0,60.0,12.89,2,2708.33,692.0,11.0,8111.0,0.0,3.0,1,0,0,0
6000.0,6000.0,36.0,8.81,3,2462.75,717.0,11.0,8644.0,0.0,2.0,0,0,1,0
3000.0,3000.0,36.0,10.05,1,9166.67,667.0,15.0,22698.0,2.0,6.0,0,0,1,0
17500.0,17375.0,36.0,21.63,1,3666.67,717.0,7.0,20010.0,0.0,6.0,0,1,0,0
25000.0,25000.0,36.0,13.45,1,6750.0,752.0,16.0,17193.0,0.0,5.0,0,0,1,0
10000.0,10000.0,36.0,8.8,3,4000.0,707.0,17.0,10750.0,0.0,5.0,0,0,0,0
4000.0,4000.0,36.0,10.56,1,1600.0,687.0,2.0,299.0,0.0,6.0,0,0,0,1
9500.0,9500.0,36.0,8.82,1,5416.67,687.0,4.0,7831.0,0.0,1.0,0,1,0,0
6500.0,6500.0,60.0,19.63,1,4100.0,667.0,11.0,11697.0,1.0,2.0,0,0,1,0
4000.0,4000.0,36.0,13.16,2,5166.67,722.0,9.0,7171.0,2.0,3.0,0,0,1,0
10000.0,10000.0,36.0,27.53,2,2916.67,667.0,14.0,11506.0,0.0,10.0,0,0,0,1
20000.0,20000.0,36.0,21.44,2,6250.0,702.0,9.0,14268.0,1.0,9.0,1,0,0,0
5600.0,5600.0,36.0,25.29,1,3333.33,677.0,8.0,17471.0,1.0,4.0,0,1,0,0
33125.0,31875.0,60.0,19.11,1,7666.67,662.0,18.0,12337.0,0.0,10.0,0,1,0,0
16000.0,16000.0,60.0,24.85,2,5416.67,682.0,10.0,9638.0,0.0,10.0,0,1,0,0
6700.0,6636.91,36.0,21.53,2,4700.0,727.0,11.0,9007.0,3.0,2.0,0,1,0,0
12000.0,12000.0,36.0,10.69,2,4416.67,677.0,18.0,13194.0,2.0,3.0,0,1,0,0
7000.0,7000.0,36.0,12.61,2,6250.0,722.0,13.0,19848.0,0.0,10.0,0,1,0,0
10000.0,10000.0,36.0,20.27,1,6666.67,717.0,14.0,23061.0,0.0,5.0,0,1,0,0
25000.0,25000.0,60.0,8.76,1,6250.0,682.0,5.0,17213.0,0.0,9.0,0,1,0,0
11000.0,11000.0,36.0,16.57,2,5000.0,697.0,17.0,8734.0,0.0,3.0,0,1,0,0
20000.0,18275.0,60.0,24.58,2,6000.0,712.0,14.0,12231.0,3.0,3.0,0,0,1,0
6400.0,6400.0,60.0,3.09,2,6250.0,697.0,5.0,241.0,0.0,3.0,0,0,0,0
5500.0,5500.0,36.0,3.58,1,11833.325,662.0,2.0,0.0,1.0,8.0,1,0,0,0
10000.0,10000.0,36.0,9.14,2,5416.67,702.0,6.0,8119.0,1.0,7.0,0,1,0,0
4000.0,4000.0,36.0,22.74,1,1666.67,667.0,7.0,278.0,0.0,3.0,0,0,1,0
4000.0,4000.0,36.0,22.15,1,2000.0,687.0,16.0,1625.0,3.0,0.5,0,0,1,0
12000.0,12000.0,36.0,16.29,2,6250.0,682.0,13.0,13528.0,1.0,7.0,0,1,0,0
33125.0,31875.0,60.0,15.3,2,9000.0,702.0,8.0,39260.25,1.0,10.0,0,1,0,0
9000.0,8800.0,36.0,18.93,1,3750.0,717.0,6.0,14576.0,0.0,0.5,1,0,0,0
7000.0,7000.0,36.0,23.02,2,6000.0,707.0,17.0,19634.0,2.0,6.0,0,1,0,0
27000.0,27000.0,60.0,17.82,2,7083.33,717.0,13.0,25137.0,0.0,8.0,0,1,0,0
10000.0,8851.08,36.0,8.4,2,4133.33,687.0,6.0,11735.0,2.0,10.0,0,1,0,0
4750.0,4750.0,36.0,32.49,2,3500.0,697.0,15.0,36512.0,0.0,10.0,1,0,0,0
18825.0,18825.0,36.0,13.08,1,4000.0,712.0,6.0,20694.0,1.0,4.0,1,0,0,0
17600.0,17600.0,36.0,17.35,2,7500.0,667.0,16.0,14555.0,0.0,7.0,0,1,0,0
19125.0,19125.0,36.0,9.1,1,4166.67,677.0,8.0,19761.0,3.0,10.0,0,1,0,0
19000.0,19000.0,60.0,16.06,2,5000.0,717.0,8.0,20918.0,0.0,10.0,1,0,0,0
3500.0,690.34,36.0,10.19,3,3750.0,657.0,8.0,9771.0,3.0,10.0,0,0,1,0
20000.0,19900.0,60.0,12.2,2,6666.67,702.0,12.0,20744.0,1.0,5.0,0,1,0,0
10000.0,10000.0,36.0,11.64,2,11833.325,717.0,14.0,38378.0,1.0,2.0,1,0,0,0
10000.0,7945.17,36.0,24.47,1,3583.33,682.0,16.0,10193.0,0.0,2.0,0,1,0,0
13750.0,13750.0,60.0,22.01,2,2916.67,667.0,7.0,4690.0,2.0,2.0,0,0,1,0
8450.0,8450.0,60.0,12.73,2,1375.0,777.0,2.0,0.0,1.0,2.0,0,0,1,0
24625.0,24625.0,60.0,20.96,1,5166.67,677.0,14.0,20694.0,0.0,8.0,0,1,0,0
30000.0,30000.0,60.0,20.28,1,11833.325,737.0,14.0,39059.0,1.0,1.0,0,0,1,0
24000.0,24000.0,60.0,21.59,2,10000.0,727.0,17.0,39260.25,0.0,5.0,0,0,0,0
25000.0,25000.0,60.0,10.53,2,6250.0,702.0,8.0,15159.0,1.0,9.0,0,1,0,0
15000.0,15000.0,36.0,26.75,2,7666.67,677.0,16.0,39260.25,1.0,5.0,0,1,0,0
15000.0,15000.0,36.0,22.39,2,7500.0,727.0,10.0,18756.0,0.0,10.0,0,0,1,0
7200.0,7200.0,36.0,2.18,2,3250.0,672.0,4.0,1301.0,1.0,4.0,0,0,0,0
6000.0,6000.0,36.0,12.4,1,1000.0,687.0,18.0,3622.0,2.0,1.0,0,1,0,0
33125.0,31875.0,60.0,20.56,2,5666.67,727.0,8.0,22290.0,0.0,10.0,0,1,0,0
14000.0,14000.0,36.0,14.67,1,7500.0,747.0,12.0,16648.0,0.0,10.0,0,1,0,0
21725.0,21725.0,36.0,29.11,2,9166.67,697.0,15.0,39260.25,2.0,10.0,1,0,0,0
10000.0,5334.01,36.0,8.83,1,4166.67,732.0,5.0,6381.0,0.0,1.0,0,0,1,0
7125.0,7125.0,36.0,4.95,1,2946.67,712.0,6.0,5015.0,1.0,6.0,0,1,0,0
15000.0,15000.0,36.0,14.02,1,3916.67,707.0,11.0,16355.0,1.0,7.0,0,1,0,0
9500.0,9500.0,60.0,12.13,1,3000.0,712.0,4.0,14227.0,1.0,3.0,0,1,0,0
22000.0,14550.0,60.0,15.83,2,5243.75,762.0,18.0,14115.0,0.0,2.0,0,1,0,0
12000.0,12000.0,36.0,19.49,1,6166.67,677.0,13.0,6499.0,0.0,6.0,0,1,0,0
20000.0,19975.0,36.0,6.81,1,5500.0,662.0,11.0,9028.0,1.0,3.0,0,1,0,0
20000.0,19975.0,60.0,20.91,3,4916.67,667.0,16.0,32137.0,2.0,10.0,0,1,0,0
20000.0,20000.0,60.0,23.94,2,7000.0,672.0,8.0,19537.0,1.0,10.0,0,1,0,0
8000.0,8000.0,36.0,14.92,1,5000.0,687.0,18.0,4786.0,1.0,2.0,0,1,0,0
12000.0,11975.0,60.0,10.71,2,3500.0,687.0,6.0,26874.0,0.0,10.0,0,1,0,0
33125.0,31875.0,36.0,25.56,1,9220.0,762.0,12.0,39260.25,1.0,10.0,0,1,0,0
8975.0,8975.0,36.0,21.51,2,9166.67,727.0,18.0,39260.25,3.0,10.0,0,1,0,0
6650.0,6650.0,60.0,17.12,2,3084.0,682.0,16.0,5646.0,2.0,3.0,0,1,0,0
10000.0,9975.0,60.0,5.7,2,2333.33,794.5,10.0,5547.0,2.0,0.5,0,1,0,0
15000.0,15000.0,36.0,9.73,2,5000.0,662.0,11.0,14596.0,0.0,8.0,1,0,0,0
10000.0,10000.0,36.0,7.13,1,2733.33,732.0,7.0,6112.0,2.0,3.0,1,0,0,0
12000.0,11975.0,36.0,11.91,1,7500.0,737.0,18.0,33702.0,1.0,10.0,0,1,0,0
5000.0,5000.0,36.0,16.97,2,6800.0,677.0,16.0,25524.0,0.0,10.0,0,1,0,0
17000.0,16975.0,36.0,26.35,3,7500.0,702.0,21.0,39130.0,3.0,10.0,0,1,0,0
6500.0,1196.59,36.0,5.43,2,3333.0,742.0,9.0,9830.0,3.0,10.0,0,1,0,0
2000.0,2000.0,36.0,16.73,1,1500.0,732.0,5.0,2925.0,0.0,4.0,0,0,0,1
4400.0,4398.89,36.0,21.51,1,4625.0,672.0,8.0,5707.0,1.0,6.0,0,1,0,0
5000.0,5000.0,36.0,3.33,1,9000.0,737.0,3.0,12297.0,0.0,10.0,1,0,0,0
15000.0,15000.0,36.0,14.36,1,9083.33,722.0,11.0,26902.0,0.0,3.0,0,0,0,1
20000.0,16755.89,36.0,25.4,2,6916.67,717.0,10.0,26938.0,0.0,10.0,0,1,0,0
17900.0,17900.0,60.0,7.36,1,5000.0,707.0,7.0,10217.0,0.0,10.0,0,1,0,0
6100.0,6100.0,36.0,9.51,1,6666.67,687.0,10.0,5665.0,2.0,2.0,1,0,0,0
30000.0,30000.0,60.0,16.89,2,11833.325,702.0,14.0,39260.25,0.0,10.0,0,1,0,0
30000.0,30000.0,60.0,16.32,1,11833.325,757.0,6.0,0.0,0.0,2.0,0,0,0,1
4000.0,4000.0,36.0,24.11,1,4583.33,707.0,17.0,11351.0,0.0,1.0,1,0,0,0
5000.0,4975.0,36.0,2.33,2,5416.67,727.0,8.0,2937.0,1.0,10.0,0,0,1,0
20000.0,19975.0,60.0,15.61,2,7000.0,707.0,6.0,20642.0,2.0,10.0,0,1,0,0
24925.0,24925.0,60.0,8.51,2,5250.0,712.0,7.0,15288.0,0.0,10.0,0,1,0,0
10000.0,10000.0,36.0,18.75,1,5250.0,687.0,22.0,3802.0,1.0,3.0,0,1,0,0
6000.0,6000.0,60.0,18.39,1,3083.0,697.0,3.0,1181.0,0.0,3.0,0,1,0,0
8000.0,8000.0,36.0,14.31,1,3500.0,692.0,7.0,5074.0,2.0,4.0,0,1,0,0
3600.0,3600.0,36.0,10.0,1,5750.0,672.0,8.0,10766.0,2.0,4.0,0,0,0,1
5000.0,527.49,36.0,13.28,1,4833.0,662.0,10.0,9816.0,0.0,4.0,0,1,0,0
18000.0,18000.0,60.0,17.0,1,7083.33,752.0,8.0,2234.0,2.0,6.0,0,1,0,0
10000.0,9975.0,36.0,5.6,1,4000.0,707.0,7.0,8528.0,0.0,0.5,0,0,1,0
25000.0,24950.0,36.0,20.48,2,7083.33,767.0,10.0,25429.0,0.0,6.0,0,1,0,0
12500.0,12500.0,36.0,14.37,1,4154.17,717.0,9.0,10465.0,0.0,4.0,0,1,0,0
10400.0,10325.0,36.0,13.02,2,6354.0,727.0,10.0,19656.0,3.0,10.0,0,1,0,0
12000.0,12000.0,60.0,23.3,2,4000.0,727.0,8.0,15010.0,0.0,10.0,0,1,0,0
5000.0,4947.35,60.0,10.8,1,6400.0,732.0,8.0,5783.0,0.0,0.5,1,0,0,0
21000.0,21000.0,60.0,6.52,2,11833.325,672.0,5.0,1240.0,3.0,10.0,0,0,0,0
3250.0,3225.0,36.0,3.12,1,2083.33,747.0,6.0,2114.0,1.0,3.0,1,0,0,0
20000.0,20000.0,60.0,18.45,1,4250.0,702.0,10.0,11805.0,0.0,4.0,0,1,0,0
3200.0,3200.0,36.0,1.37,1,2917.0,667.0,4.0,1427.0,1.0,0.5,0,0,0,1
10000.0,9500.0,36.0,12.93,1,4841.67,777.0,4.0,0.0,1.0,4.0,0,0,1,0
15000.0,15000.0,36.0,18.73,1,4000.0,697.0,7.0,15055.0,0.0,2.0,1,0,0,0
2000.0,2000.0,36.0,22.06,3,3600.0,667.0,10.0,14234.0,1.0,6.0,0,1,0,0
4800.0,4800.0,60.0,13.81,1,3750.0,697.0,13.0,16302.0,0.0,10.0,0,1,0,0
5350.0,5350.0,36.0,16.45,2,11250.0,732.0,11.0,19184.0,3.0,8.0,0,0,0,0
2500.0,2125.0,36.0,22.32,2,3750.0,672.0,21.0,4744.0,3.0,7.0,0,1,0,0
10000.0,10000.0,36.0,26.87,1,3166.67,682.0,6.0,7271.0,0.0,7.0,0,1,0,0
9500.0,9500.0,36.0,19.28,2,3583.33,737.0,8.0,5240.0,0.0,10.0,0,1,0,0
18000.0,9516.78,36.0,17.43,2,7750.0,707.0,17.0,29046.0,0.0,3.0,0,1,0,0
11000.0,11000.0,36.0,11.44,2,5000.0,667.0,7.0,10070.0,3.0,10.0,0,0,0,1
12000.0,12000.0,36.0,9.44,3,5746.0,662.0,12.0,9561.0,0.0,4.0,0,1,0,0
11000.0,10950.0,36.0,22.38,2,4200.0,762.0,6.0,8694.0,3.0,7.0,1,0,0,0
24000.0,23975.0,60.0,22.58,2,5416.67,682.0,12.0,13066.0,0.0,1.0,0,1,0,0
6000.0,6000.0,36.0,16.03,1,4166.67,794.5,5.0,79.0,0.0,1.0,0,0,1,0
7800.0,7242.07,36.0,16.77,1,6000.0,697.0,8.0,13835.0,0.0,4.0,0,1,0,0
10000.0,10000.0,36.0,4.89,2,2166.67,682.0,4.0,4544.0,0.0,10.0,0,1,0,0
5000.0,5000.0,36.0,16.32,1,3750.0,742.0,6.0,1703.0,3.0,8.0,0,0,0,1
8100.0,8100.0,36.0,17.63,1,4600.0,677.0,9.0,2963.0,0.0,3.0,0,1,0,0
25000.0,24950.0,60.0,23.79,2,5666.67,692.0,8.0,27699.0,1.0,8.0,0,1,0,0
20400.0,20375.0,60.0,10.38,1,6733.33,727.0,8.0,11149.0,2.0,6.0,0,1,0,0
8000.0,8000.0,36.0,27.34,1,3500.0,687.0,19.0,16395.0,2.0,7.0,1,0,0,0
16000.0,16000.0,36.0,24.3,1,6250.0,717.0,8.0,10304.0,2.0,0.5,0,1,0,0
4500.0,4500.0,36.0,27.63,1,2700.0,722.0,13.0,9341.0,0.0,4.0,1,0,0,0
6000.0,5905.66,36.0,6.6,1,4166.67,677.0,5.0,3433.0,1.0,2.0,1,0,0,0
30000.0,30000.0,36.0,8.51,2,9166.67,717.0,10.0,28967.0,0.0,10.0,0,1,0,0
10000.0,10000.0,36.0,11.52,1,4166.67,712.0,7.0,9817.0,1.0,4.0,0,1,0,0
14000.0,14000.0,36.0,22.55,2,8750.0,712.0,8.0,25026.0,0.0,10.0,0,1,0,0
20000.0,3850.0,36.0,14.63,1,6000.0,727.0,8.0,28585.0,0.0,10.0,0,1,0,0
15000.0,14925.0,36.0,13.3,1,5000.0,667.0,7.0,11368.0,1.0,0.5,0,1,0,0
3000.0,3000.0,36.0,16.8,1,3083.33,697.0,4.0,413.0,0.0,2.0,0,0,1,0
4950.0,4950.0,36.0,16.75,1,1403.33,727.0,4.0,2738.0,1.0,2.0,0,0,0,1
3200.0,3200.0,36.0,6.51,1,4500.0,742.0,7.0,3198.0,0.0,5.0,0,1,0,0
15000.0,15000.0,36.0,7.55,1,8750.0,742.0,6.0,6056.0,1.0,9.0,0,0,1,0
2000.0,2000.0,36.0,2.44,1,2500.0,702.0,4.0,67.0,0.0,2.0,0,0,1,0
10000.0,10000.0,36.0,15.6,3,3833.33,687.0,6.0,4734.0,0.0,10.0,1,0,0,0
14000.0,14000.0,36.0,10.68,2,11833.325,737.0,14.0,13850.0,3.0,1.0,0,0,1,0
5450.0,5450.0,60.0,2.48,2,4600.0,787.0,14.0,4326.0,0.0,10.0,0,0,0,1
10000.0,9950.0,36.0,12.63,1,7166.67,682.0,11.0,10309.0,1.0,0.5,0,1,0,0
8000.0,7989.96,36.0,5.27,2,11833.325,707.0,6.0,7351.0,1.0,3.0,0,0,0,1
11500.0,11500.0,36.0,18.0,1,2916.67,717.0,14.0,13851.0,1.0,5.0,1,0,0,0
3600.0,3600.0,36.0,26.21,2,4166.67,737.0,19.0,25.0,2.0,3.0,1,0,0,0
12000.0,12000.0,60.0,10.34,1,4166.67,717.0,13.0,16069.0,1.0,10.0,1,0,0,0
21850.0,21850.0,36.0,28.08,1,4166.67,692.0,12.0,20497.0,0.0,0.5,1,0,0,0
4375.0,4375.0,36.0,12.0,1,3333.33,677.0,10.0,2440.0,2.0,0.5,0,1,0,0
10000.0,10000.0,36.0,5.49,2,10833.33,757.0,5.0,39260.25,0.0,7.0,0,1,0,0
2500.0,2500.0,36.0,24.07,2,1500.0,667.0,10.0,2684.0,3.0,1.0,0,0,1,0
30000.0,29975.0,60.0,15.86,2,11833.325,697.0,14.0,39260.25,0.0,2.0,0,1,0,0
21000.0,20975.0,60.0,9.64,1,3476.8,727.0,10.0,0.0,1.0,4.0,0,1,0,0
8000.0,8000.0,36.0,14.45,1,4166.67,662.0,10.0,9425.0,2.0,4.0,0,1,0,0
12500.0,12500.0,36.0,21.5,3,2083.33,687.0,9.0,11967.0,0.0,6.0,0,1,0,0
12300.0,12300.0,36.0,22.29,1,3750.0,737.0,6.0,27282.0,1.0,7.0,0,1,0,0
12000.0,12000.0,36.0,13.53,2,8000.0,687.0,13.0,12968.0,1.0,3.0,0,1,0,0
10000.0,10000.0,36.0,18.55,1,2916.67,662.0,9.0,7565.0,3.0,4.0,0,1,0,0
17825.0,17825.0,36.0,18.85,2,6250.0,692.0,12.0,27554.0,0.0,10.0,0,1,0,0
22000.0,22000.0,36.0,16.93,1,3916.67,717.0,4.0,22142.0,0.0,1.0,0,1,0,0
6000.0,6000.0,36.0,4.74,2,10916.0,767.0,18.0,6317.0,3.0,6.0,0,0,1,0
9000.0,9000.0,36.0,12.67,1,3466.67,682.0,13.0,11103.0,0.0,7.0,0,1,0,0
8250.0,8250.0,36.0,24.19,1,2100.0,722.0,7.0,9469.0,0.0,1.0,1,0,0,0
11875.0,11775.0,36.0,22.52,2,6000.0,732.0,11.0,28210.0,2.0,10.0,0,1,0,0
4200.0,4200.0,36.0,15.83,2,7000.0,702.0,8.0,7167.0,0.0,10.0,0,0,0,0
2200.0,2200.0,36.0,24.15,2,3400.0,732.0,6.0,1453.0,0.0,5.0,0,0,1,0
20000.0,20000.0,36.0,20.04,2,4625.0,757.0,14.0,31335.0,1.0,10.0,0,1,0,0
5000.0,4950.0,36.0,0.51,1,2916.67,717.0,2.0,165.0,2.0,3.0,0,0,0,1
7150.0,7150.0,36.0,12.33,1,3666.67,687.0,11.0,10561.0,1.0,0.5,0,1,0,0
14675.0,14650.0,60.0,29.18,1,3167.0,727.0,7.0,21088.0,1.0,6.0,0,1,0,0
10300.0,10300.0,36.0,33.37,2,2583.33,717.0,19.0,12475.0,0.0,7.0,0,1,0,0
20000.0,19850.0,60.0,15.94,1,4166.67,737.0,11.0,3202.0,0.0,3.0,0,0,1,0
9500.0,9475.0,60.0,13.64,2,5000.0,757.0,10.0,39260.25,0.0,10.0,0,0,1,0
15000.0,14825.0,36.0,16.89,2,6691.67,702.0,14.0,14488.0,3.0,3.0,0,0,0,1
4000.0,3945.6,36.0,23.52,1,3350.0,757.0,6.0,627.0,1.0,1.0,0,0,1,0
12800.0,12800.0,60.0,19.12,3,4166.67,687.0,15.0,12693.0,2.0,5.0,0,0,0,0
10000.0,10000.0,36.0,14.12,1,7500.0,682.0,12.0,3235.0,0.0,6.0,1,0,0,0
10000.0,10000.0,36.0,7.43,1,3833.33,737.0,3.0,10187.0,0.0,10.0,0,1,0,0
5000.0,5000.0,36.0,8.51,2,3750.0,747.0,12.0,3998.0,0.0,6.0,0,0,1,0
10000.0,10000.0,36.0,17.08,2,8333.33,712.0,9.0,39260.25,0.0,10.0,0,0,1,0
12000.0,12000.0,36.0,13.8,2,3333.33,667.0,10.0,16181.0,0.0,10.0,0,1,0,0
23675.0,23675.0,36.0,29.94,3,6399.0,682.0,21.0,21920.0,0.0,10.0,1,0,0,0
12500.0,12500.0,36.0,17.67,2,3916.67,692.0,7.0,8221.0,3.0,10.0,0,1,0,0
21000.0,21000.0,60.0,16.4,2,8833.33,702.0,11.0,29293.0,0.0,1.0,0,0,0,1
5000.0,5000.0,36.0,14.66,1,7333.33,727.0,22.0,35055.0,1.0,1.0,0,0,1,0
21000.0,21000.0,60.0,31.48,1,4583.33,682.0,13.0,32616.0,1.0,10.0,0,1,0,0
27000.0,27000.0,36.0,12.21,2,9250.0,794.5,12.0,4211.0,0.0,5.0,0,1,0,0
7500.0,6025.0,36.0,17.5,3,5000.0,677.0,11.0,16422.0,0.0,0.5,0,1,0,0
16000.0,16000.0,36.0,20.1,1,5924.5,697.0,11.0,9365.0,1.0,10.0,0,1,0,0
13200.0,13200.0,36.0,15.74,1,3791.67,707.0,10.0,16187.0,1.0,5.0,1,0,0,0
2000.0,2000.0,36.0,11.91,1,3400.0,662.0,3.0,747.0,3.0,10.0,0,0,0,1
5000.0,5000.0,36.0,1.2,1,5000.0,782.0,8.0,531.0,1.0,2.0,0,1,0,0
15350.0,15350.0,36.0,7.41,2,5666.67,672.0,6.0,8128.0,0.0,1.0,1,0,0,0
9750.0,9750.0,36.0,34.04,2,3119.92,672.0,12.0,8774.0,1.0,5.0,0,1,0,0
17800.0,17775.0,60.0,5.86,1,7000.0,662.0,9.0,6708.0,0.0,6.0,0,1,0,0
5500.0,5500.0,36.0,19.35,2,3937.08,687.0,6.0,689.0,3.0,10.0,0,0,0,1
12000.0,12000.0,36.0,13.4,1,5416.67,742.0,13.0,13953.0,0.0,2.0,0,1,0,0
8000.0,8000.0,36.0,18.17,3,7500.0,672.0,13.0,5987.0,0.0,0.5,0,0,1,0
5000.0,5000.0,36.0,19.1,1,4200.0,717.0,7.0,1109.0,0.0,3.0,0,0,1,0
10000.0,1300.0,36.0,11.03,2,6666.67,697.0,8.0,39260.25,0.0,4.0,1,0,0,0
6000.0,6000.0,36.0,11.89,2,11833.325,672.0,11.0,31640.0,1.0,10.0,0,1,0,0
9975.0,9975.0,36.0,7.13,2,5000.0,722.0,17.0,9773.0,2.0,5.0,0,1,0,0
3000.0,3000.0,36.0,20.96,1,5583.33,697.0,6.0,1531.0,2.0,10.0,0,1,0,0
12000.0,11950.0,36.0,22.98,1,5416.67,692.0,7.0,13234.0,0.0,4.0,1,0,0,0
23850.0,23850.0,60.0,20.74,2,5000.0,672.0,13.0,17587.0,1.0,4.0,0,1,0,0
5375.0,5375.0,36.0,15.05,2,5416.67,687.0,13.0,4087.0,2.0,1.0,0,0,1,0
4400.0,4400.0,36.0,17.93,3,4000.0,767.0,6.0,9945.0,1.0,5.0,0,0,1,0
15675.0,15675.0,36.0,8.86,2,4166.67,794.5,9.0,13020.0,1.0,7.0,0,0,1,0
14500.0,14500.0,36.0,11.96,1,4500.0,737.0,8.0,16398.0,0.0,6.0,1,0,0,0
18225.0,18200.0,36.0,24.64,2,5000.0,662.0,12.0,16398.0,2.0,7.0,0,1,0,0
16100.0,16100.0,36.0,25.36,2,6250.0,717.0,14.0,9737.0,0.0,10.0,0,1,0,0
8000.0,8000.0,36.0,12.2,1,1750.0,667.0,9.0,5828.0,0.0,4.0,0,0,0,1
6000.0,6000.0,36.0,16.4,1,2500.0,672.0,5.0,5892.0,1.0,4.0,0,1,0,0
4400.0,4400.0,36.0,19.0,1,2000.0,717.0,9.0,2411.0,3.0,5.0,0,0,1,0
4325.0,4250.0,36.0,17.77,1,4400.0,707.0,7.0,3365.0,0.0,2.0,0,0,0,1
4200.0,4200.0,36.0,15.97,1,6041.67,682.0,11.0,5913.0,0.0,8.0,0,1,0,0
11425.0,11400.0,36.0,19.47,2,4750.0,732.0,9.0,6359.0,3.0,8.0,0,1,0,0
12000.0,12000.0,36.0,17.73,2,7300.0,707.0,9.0,38342.0,0.0,4.0,0,1,0,0
16000.0,16000.0,36.0,11.35,1,5075.0,692.0,15.0,22380.0,2.0,3.0,1,0,0,0
13000.0,13000.0,36.0,24.5,1,4166.67,707.0,10.0,15534.0,0.0,6.0,1,0,0,0
3000.0,3000.0,36.0,19.59,1,4073.0,662.0,8.0,6941.0,2.0,5.0,0,0,0,1
20000.0,20000.0,36.0,6.61,1,10833.33,772.0,7.0,16092.0,0.0,4.0,0,1,0,0
9600.0,9600.0,36.0,5.58,2,6500.0,727.0,8.0,23353.0,3.0,6.0,0,1,0,0
7100.0,7100.0,36.0,19.22,1,4166.67,687.0,13.0,6788.0,2.0,2.0,1,0,0,0
4600.0,4600.0,36.0,3.38,2,3664.25,777.0,6.0,3127.0,0.0,10.0,0,0,0,0
6000.0,6000.0,60.0,14.88,3,4416.67,662.0,9.0,28349.0,3.0,10.0,0,0,1,0
6000.0,5994.0,36.0,11.68,1,2500.0,672.0,6.0,9482.0,0.0,2.0,1,0,0,0
24000.0,24000.0,60.0,20.55,3,6250.0,677.0,10.0,17780.0,0.0,7.0,0,1,0,0
12000.0,12000.0,60.0,1.88,2,6666.67,792.0,6.0,3364.0,0.0,6.0,0,1,0,0
3250.0,3250.0,36.0,31.84,1,2858.33,692.0,5.0,17662.0,0.0,6.0,0,0,1,0
5000.0,5000.0,36.0,17.61,1,4583.33,702.0,4.0,4164.0,2.0,7.0,0,1,0,0
8000.0,8000.0,60.0,5.56,1,2500.0,662.0,5.0,5770.0,2.0,6.0,0,0,1,0
9600.0,9600.0,36.0,7.52,2,6250.0,752.0,7.0,765.0,0.0,0.5,0,0,0,0
9600.0,9600.0,36.0,15.04,1,4250.0,687.0,17.0,7713.0,1.0,1.0,1,0,0,0
14125.0,14125.0,36.0,8.1,1,3000.0,672.0,6.0,8992.0,1.0,10.0,0,1,0,0
15600.0,6575.0,36.0,6.65,2,11833.325,682.0,14.0,20237.0,3.0,2.0,0,1,0,0
6000.0,6000.0,36.0,18.2,2,5031.67,707.0,9.0,39260.25,0.0,10.0,1,0,0,0
6250.0,6250.0,36.0,19.7,1,4248.33,682.0,9.0,9991.0,2.0,0.5,0,1,0,0
12000.0,12000.0,36.0,8.28,1,7750.0,672.0,10.0,16132.0,0.0,10.0,0,1,0,0
30100.0,30100.0,60.0,3.31,2,8333.33,707.0,15.0,3737.0,3.0,6.0,0,0,0,0
20000.0,20000.0,36.0,33.28,1,8666.67,727.0,9.0,33067.0,0.0,3.0,0,1,0,0
5300.0,5200.0,36.0,8.47,2,8333.33,742.0,5.0,39260.25,1.0,3.0,0,1,0,0
10000.0,9950.0,36.0,3.8,2,6666.67,697.0,8.0,7967.0,1.0,3.0,0,1,0,0
23000.0,22975.0,60.0,21.17,1,5166.67,692.0,13.0,23773.0,0.0,6.0,0,1,0,0
14000.0,14000.0,36.0,31.02,2,5000.0,662.0,15.0,12728.0,3.0,7.0,1,0,0,0
10000.0,10000.0,36.0,34.26,2,6200.0,677.0,22.0,28850.0,1.0,3.0,0,1,0,0
16000.0,15800.0,60.0,13.07,2,4583.33,677.0,7.0,5729.0,0.0,10.0,1,0,0,0
7200.0,7200.0,36.0,4.43,1,3000.0,757.0,6.0,75.0,1.0,6.0,0,0,1,0
16800.0,16800.0,60.0,13.55,2,4000.0,662.0,12.0,12179.0,1.0,10.0,0,1,0,0
7500.0,4538.17,36.0,4.86,1,5000.0,752.0,10.0,8575.0,1.0,8.0,0,0,0,1
8000.0,8000.0,36.0,3.96,1,7750.0,662.0,9.0,8080.0,1.0,5.0,0,1,0,0
4025.0,4025.0,36.0,15.32,2,5000.0,702.0,12.0,15943.0,0.0,8.0,1,0,0,0
6500.0,6475.0,36.0,18.0,1,1500.0,787.0,5.0,2816.0,0.0,2.0,0,1,0,0
8000.0,7827.03,36.0,20.35,1,4000.0,677.0,7.0,2082.0,0.0,4.0,0,0,0,1
3750.0,3750.0,36.0,16.98,1,1650.0,677.0,6.0,8101.0,0.0,4.0,0,1,0,0
16000.0,16000.0,60.0,21.54,3,8903.25,742.0,18.0,18898.0,1.0,10.0,0,0,0,0
4000.0,4000.0,36.0,0.52,1,5416.67,757.0,4.0,929.0,0.0,1.0,0,0,1,0
25000.0,11696.88,36.0,5.52,2,8666.67,762.0,9.0,1900.0,3.0,10.0,0,0,1,0
12000.0,12000.0,36.0,21.99,2,5416.67,732.0,8.0,28146.0,0.0,10.0,0,0,0,0
2000.0,2000.0,36.0,8.01,1,5833.33,752.0,7.0,2031.0,0.0,0.5,0,1,0,0
3825.0,3825.0,36.0,24.68,1,2495.83,672.0,8.0,4560.0,1.0,4.0,0,1,0,0
4800.0,4800.0,36.0,0.0,1,4583.33,677.0,2.0,0.0,0.0,6.0,0,0,1,0
24250.0,24175.0,36.0,21.9,3,5000.0,742.0,15.0,39260.25,1.0,0.5,0,1,0,0
20000.0,19975.0,36.0,19.82,2,6750.0,687.0,14.0,21637.0,0.0,5.0,1,0,0,0
14400.0,14400.0,36.0,18.84,2,4166.67,662.0,7.0,10042.0,3.0,9.0,0,1,0,0
22000.0,21975.0,60.0,33.93,2,5083.33,672.0,14.0,31152.0,2.0,10.0,0,1,0,0
33125.0,31875.0,36.0,15.75,2,11833.325,692.0,21.0,39260.25,1.0,4.0,0,1,0,0
5600.0,5600.0,36.0,26.35,1,3833.33,667.0,19.0,16163.0,0.0,5.0,0,1,0,0
12000.0,12000.0,36.0,3.9,1,7083.33,672.0,7.0,6040.0,1.0,2.0,0,1,0,0
2500.0,2500.0,36.0,10.96,2,6166.67,732.0,14.0,24495.0,0.0,10.0,0,0,0,0
7000.0,7000.0,36.0,12.03,1,3400.0,692.0,8.0,6163.0,1.0,0.5,1,0,0,0
15775.0,15775.0,36.0,3.37,1,4000.0,712.0,11.0,4058.0,1.0,10.0,0,0,0,1
10000.0,10000.0,36.0,22.66,1,2083.33,717.0,8.0,12724.0,0.0,9.0,1,0,0,0
1600.0,1600.0,36.0,5.36,1,2427.0,702.0,5.0,7020.0,0.0,3.0,0,0,0,1
14000.0,14000.0,60.0,9.89,2,9000.0,762.0,17.0,23773.0,0.0,4.0,0,1,0,0
1000.0,1000.0,36.0,24.4,3,3000.0,667.0,5.0,3430.0,1.0,3.0,0,0,0,0
3000.0,3000.0,36.0,11.31,1,3500.0,737.0,9.0,0.0,2.0,3.0,0,0,1,0
8250.0,8205.63,36.0,24.45,2,3300.0,757.0,17.0,29576.0,2.0,8.0,1,0,0,0
12000.0,11975.0,60.0,13.91,2,7083.33,707.0,7.0,3923.0,2.0,7.0,0,0,0,0
5000.0,5000.0,36.0,17.22,3,4000.0,707.0,10.0,6023.0,0.0,10.0,0,1,0,0
4375.0,4375.0,36.0,9.09,1,2916.67,672.0,9.0,6944.0,2.0,6.0,1,0,0,0
13600.0,13600.0,60.0,12.85,1,5651.33,677.0,13.0,24383.0,0.0,10.0,1,0,0,0
6000.0,6000.0,36.0,7.64,2,5184.75,677.0,8.0,14422.0,0.0,2.0,0,1,0,0
